{"cameraMode":{"drawMode":0,"name":"Shaded","section":"Shading Mode"},"sceneLighting":true,"audioPlay":false,"sceneViewState":{"m_AlwaysRefresh":false,"showFog":true,"showSkybox":false,"showFlares":true,"showImageEffects":true,"showParticleSystems":true,"showVisualEffectGraphs":true,"m_FxEnabled":true},"in2DMode":false,"pivot":{"x":49.58252716064453,"y":3.6220104694366457,"z":53.35179138183594},"rotation":{"x":-0.031704433262348178,"y":-0.7223089337348938,"z":0.033170901238918307,"w":-0.6900951266288757},"size":2.0113844871520998,"orthographic":false}