{"cameraMode":{"drawMode":0,"name":"Shaded","section":"Shading Mode"},"sceneLighting":false,"audioPlay":false,"sceneViewState":{"m_AlwaysRefresh":false,"showFog":true,"showSkybox":false,"showFlares":true,"showImageEffects":true,"showParticleSystems":true,"showVisualEffectGraphs":true,"m_FxEnabled":true},"in2DMode":false,"pivot":{"x":28.395000457763673,"y":3.746000051498413,"z":50.30099868774414},"rotation":{"x":-0.031438957899808887,"y":-0.9505634307861328,"z":0.10248284786939621,"w":-0.29153990745544436},"size":0.21650634706020356,"orthographic":false}