{"cameraMode":{"drawMode":0,"name":"Shaded","section":"Shading Mode"},"sceneLighting":false,"audioPlay":false,"sceneViewState":{"m_AlwaysRefresh":false,"showFog":true,"showSkybox":false,"showFlares":true,"showImageEffects":true,"showParticleSystems":true,"showVisualEffectGraphs":true,"m_FxEnabled":true},"in2DMode":false,"pivot":{"x":0.21295452117919923,"y":1.0027906894683838,"z":-0.16959339380264283},"rotation":{"x":-0.02790069952607155,"y":-0.9695092439651489,"z":0.2045159935951233,"w":-0.13227245211601258},"size":1.8333905935287476,"orthographic":false}