{"cameraMode":{"drawMode":0,"name":"Shaded","section":"Shading Mode"},"sceneLighting":false,"audioPlay":false,"sceneViewState":{"m_AlwaysRefresh":false,"showFog":true,"showSkybox":false,"showFlares":true,"showImageEffects":true,"showParticleSystems":true,"showVisualEffectGraphs":true,"m_FxEnabled":false},"in2DMode":false,"pivot":{"x":44.90723419189453,"y":-1.0119858980178834,"z":0.4638395309448242},"rotation":{"x":-0.004313717130571604,"y":0.9956157207489014,"z":-0.05980873107910156,"w":-0.07180844992399216},"size":21.188554763793947,"orthographic":false}