{"cameraMode":{"drawMode":0,"name":"Shaded","section":"Shading Mode"},"sceneLighting":false,"audioPlay":false,"sceneViewState":{"m_AlwaysRefresh":false,"showFog":true,"showSkybox":false,"showFlares":true,"showImageEffects":true,"showParticleSystems":true,"showVisualEffectGraphs":true,"m_FxEnabled":true},"in2DMode":false,"pivot":{"x":42.22846603393555,"y":3.473893165588379,"z":53.49589538574219},"rotation":{"x":-0.019125042483210565,"y":-0.9796369075775147,"z":0.16402950882911683,"w":-0.11424307525157929},"size":0.8157603740692139,"orthographic":false}